id;name;active;create_date;updated_date
1;Savings Account Manager Guyana;true;2019-11-15T13:40:40;2019-11-15T19:38:22
2;navigate Kiribati;true;2019-11-15T07:22:02;2019-11-15T23:48:36
3;Concrete;false;2019-11-15T08:11:10;2019-11-15T08:48:52
4;connecting generate Music;true;2019-11-15T14:34:06;2019-11-15T16:48:25
5;enhance Gorgeous;true;2019-11-15T16:15:05;2019-11-15T20:55:53
6;Kentucky;true;2019-11-15T20:13:54;2019-11-15T23:09:55
7;Brazil;false;2019-11-15T03:56:02;2019-11-15T17:04:34
8;Ranch impactful;true;2019-11-15T13:20:38;2019-11-15T13:47:47
9;Nebraska;true;2019-11-15T11:13:20;2019-11-15T11:55:14
10;Michigan Connecticut empower;false;2019-11-15T16:35:33;2019-11-15T03:42:54
